"restaurant_id","restaurant_name"
174,"175 C"
909,"1944 The Hocco kitchen"
393,"37 The Central Restaurant"
783,"4 Seasons"
416,"51 Rainbows"
638,"6 Ballygunge Place Takeaway"
26,"7th Heaven"
344,"7th Heaven Cake Shop"
528,"9 Hills Bistro"
20,A Cheesy Sandwich
743,A Pizza House
237,A1
626,A2B - Adyar Ananda Bhavan
243,Aahar Kolkatta Biryani
100,Aao Ji Te Khao Ji
665,Abar Khabo
666,ABC Fast Food
903,Absolute Shawarma
763,Adda
374,Agra Sweets Banjara
399,Al-Baik
948,Alakapuri
953,Aloo Pitika
289,Alpha Pizza House
881,Amar Bhojnalya
119,Amaris
745,Amrit Sweets Phase 5
381,Amritsari Food Platter
768,Amritsari Restaurant Katora Talab
680,Anand Sweets & Savouries
259,Anandji Sweets
624,Anardana
538,Andhra Gunpowder
721,Angry Sardar Courtyard
295,Anjappar
727,Anna (Truly Veg)
877,Anna Punjabi
251,Anna Snacks
648,Annpurna Thali
297,AnTeRa Courtyard
971,Ao Rice Hotel
86,Apna Cafe
755,Apna Vaishno Dhaba
271,Appetite Classic
945,Appetizer
360,Appu Donne Biriyani Palace
182,Apsara Ice Creams
566,Arabikaas Arabian Restaurant
430,Aromas Cafe & Bistro
78,Arusuvai Cafe
268,Aryaas
915,Aryan Family's Delight
385,Asia Seven - Sizzling Chinese
513,Attitude Cafe And Restaurant Nxt
746,Aubree
834,Auckland Hotel And Restaurant
733,Aurora Restaurant & Lodging
46,AVO's Kitchen
820,Awadhi
519,Baba Au Rhum Badem
669,Baba Tourist Lodge
828,Babe da Dhaba
272,Babka Goa
222,Badmaash Kebabi
44,Baker's Estate
187,Bakingo
140,Bakingo-Cakes & Desserts
979,Baklavas By Mezaya
559,Balaji Restaurant
608,Bambusa Express
545,Bangaliana
318,Bansal Amritsari Kulcha
467,Barbecue by Punjab Grill
384,Barbecue Live
97,Barbeque Nation
427,Barista Coffee
723,Barq Foods
206,Baskin Robbins - Ice Cream Desserts
218,Baskin Robbins Happyness Shakes
101,Bawarchi - The Royal Chef
821,Bawarchi Ac Family Restaurant
443,Bawarchi Fast Food
954,Beekays
146,Behrouz Biryani
325,Bektash
689,Bengaluru Central Cafe
652,"Bhatti Chicken - Grilled, NOT Fried!"
631,Bhavyam Veg
797,Bheemeshwara - A South Indian Delicacy
196,Bhikharam Chandmal
150,Big Bowl
518,Big Fat Sandwich & Pizza
449,Big Hunger Ashoka Biryani
209,Biggies Burger
263,Bikaner Elite
370,Bikaner Sweets And Namkeen
311,Bikanervala
655,Bikkgane Biryani
826,Biryani Adda
864,Biryani By Kilo
448,Biryani Hub
702,Biryani Hut
579,Biryani Nation
943,Biryani Paradise
426,Bismillah Taj Hotel
48,BIZZA Cafe Heritage
859,BK Cafe
584,Black Box Cafe
334,Blackfern Restaurant
578,Blossom Cafe
139,Blue Tokai Coffee Roasters
731,Boketto Cafe And Restaurant
619,Bombay Mishthan Bhandar (Bmb) - Durapura
85,Bombay Mishthan Bhandar (Bmb) - Sanganeeri Gate
853,Bombay Misthan Bhandar
191,Bombay Sweet Shop
278,Books & Bricks Cafe
977,BOOM - Sub Style Sandwiches
837,Bosco Food Hub
6,BOSS Burger
919,Bowl Soul
904,Bowljini Mix Eat Repeat
212,BOX8 - Desi Meals
916,Brahmins' Thatte Idli
531,Bread Cafe
875,Brew Cafe
110,Brew n Bite
711,Brijwasi Pure Veg
539,Brik Oven - Original Sourdough Pizzas
24,Briyanis Mahal
709,Brothers Bakery
258,Brown Sugar
294,Buhari Hotel
647,Bunk Restro & Cafe
84,Burger Farm
137,Burger Headquarter
477,Burger King
567,Burger Singh(Big Punjabi Burgers)
253,Burgerama
151,Burgrill - OG's of Grilled Burger
901,Buzz Inn Restaurant
171,Cafe 99
287,Cafe Aurora
918,Cafe Coffee Day
226,Cafe Cotinga
425,Cafe Delight
168,Cafe Ertugrul
217,Cafe Go Green
973,Cafe La
230,Cafe Parizaad
340,Cafe S.F. Xavier
398,Cafe Sai Sadanand
273,Cafe Sanaya
732,Caffe In
113,CAKE AND ICE PARLOUR
470,Cake Bake
851,Cake Celebration
324,Cake Hut
52,Cake Plaza
981,Cake Studio
911,Cake Town
620,Cakes By Flower Aura
433,CakeZone Patisserie
4,Captain Sam's Pizza
428,Caterspoint
400,Central Perk
685,Chaayos Chai+Snacks=Relax
129,Chahat Biryani
450,Chai Govindam
690,Chai Kings
138,Chai Point
322,Chai Sutta Bar
376,Chandimata Mistanna Bhander
56,Cheapest Food Zone
249,Cheesecake & Co.
76,Cheesecakes By CakeZone
166,Chef's Planet
939,Cherry Sweets & Confectioners
9,Chetak Sweet Point
677,Chhabra's Pure Veg
21,Chhote Lal Restaurant
886,Chick Blast (Rajbagh)
907,chickpet Donne Biryani House
3,Chili's American Grill & Bar
695,China Belly By Wow! Momo
346,Chindam Cafe
644,Chinese Fast Food
547,Chinese Hut
854,Chinese Wok
445,Chiyang
598,Cholo Khai
244,Chopstyx
773,Chullah
824,Churuwala
796,Cinnabon
116,City Dhaba
118,City Hut Family Dhaba
383,City Nation Cafe
232,City Wok Restaurant
90,Classic 11
184,Classic Radhey Sweets
842,Clique
679,Cloud Kitchen
760,Club Shawaya
873,Cochin Rahumania
494,Cocoa Bakery
534,Cocoberry
765,Confucius (Christan Basti)
388,Confucius (Silpukhuri)
293,Copper Kitchen
632,Costa Coffee
564,Country Kitchen
607,Crescent International Hotel
974,Crown Restaurant
784,Crush Restaurant
543,Crusto's - Cheese Burst Pizza By Olio
444,Daawat-E   Biryani
748,Dabba & Co.
795,"Dabba Garam (Homestyle,Combo, Thali & More)"
871,Daily Kitchen - Everyday Homely Meals
424,Darjeeling Momos
561,Das Khaman
524,Dawat
966,Dawat-E-Khas Restaurant
54,Dawat-E-Khas Sweets & Snacks
343,Daya Hari Chatpata
458,Daya Hari Mithai
593,De Linz Cafe
153,Deep Sweets
728,Deja Vu
670,Dejavu
599,Delicious Fast Food
464,Delicious Kitchen
924,Delights by INOX
507,Delly Belly
417,Desi Choka
158,Dessi Cuppa
235,Devi Fast Food
895,Devrana Express
621,Dhaba 14
205,Dhabha PB03
956,Dharma Vaishno Dhaba
563,Dilli Dhaba And Restaurant
30,Dindigul Thalappakatti - Since 1957
741,Dip N Bite
497,DMB Sweets Pvt Ltd
815,Dmb(Doodh Misthan Bhandar)
5,Domino's Pizza
541,Donald's Pastry Shop
275,Dosa Hub
431,Dou
41,Downtown Multicuisine
277,DQ Grill & Chill
102,Dragon Panda
897,DragonWok Restaurant
983,Dream Cafe Jaipur
601,Dreams Cafe
574,Dubai Hut
2,Dum Safar Biryani
542,Dunkin' - Donuts & Coffee
604,Dweller Teas & Snacks
7,EatFit
787,Eden Restaurant
688,Edesia by Freshmenu
173,Eikhoi Chakshang
351,Eleven Aizawl
264,Elite Family Choice Restaurant
672,Elite Kitchen
844,Emerald 3:14
537,Etho Metho
738,Euphoria
623,"Faasos - Wraps, Rolls & Shawarma"
195,Faasos Signature Wraps & Rolls
914,Faasos' Signature Wraps & Rolls
359,Fast Pizza
580,Fat Belly
771,FAT TIGER
353,Felafels Restaurant
730,FIKA
675,Firangi Bake
905,Flavours Of Punjab
550,FNP Cakes By Ferns N Petals
706,FNP- Ferns N Petals
544,FOOD EXPRESS
514,Food Exx
790,Food Hub
776,Food Hut
175,Food Lovers Restaurant
735,Food moments
314,Food On Way
345,Food Zilla
860,French Loaf
546,French Loaf Bakery & Cafe
627,FreshMenu
780,Frespresso
178,Friends Cafe
836,Friends Corner
766,Frozen Bottle
124,"Frozen Bottle - Milkshakes, Desserts And Ice Cream"
582,Frozzeto
410,Frys
402,Full House - Aquilaria Clubhouse
575,Gangaur Govindam
446,Gangaur Next
639,Ganguram
147,Gayatri Ganthiya
683,Ghar ka Khana by EatFit
357,Ghar Ka Tadka
684,Ghee and Turmeric
506,Giani
928,Gita Samosa Centre
822,GLOBO Ice Creams Of The World
637,Go Zero Ice Creams & Desserts
693,Goila Butter Chicken
282,Gokul Dham Ka Dhaba
707,Gokul Oottupura
363,Gola Sizzlers
31,Golden Dragon
847,Good Flippin' Burgers
523,Gopal Mistanna Bhandar
551,Gopal's
391,Gopal's 56
136,Gourmet Ice Cream Cakes by Baskin Robbins
800,Grameen Kulfi
937,Grand Biryani Mahal
189,Great Indian Khichdi by EatFit
392,Green Chilly
14,"Greenox- Healthy Bites, Happy Lives"
700,Grill Inn
664,Grill's
341,Grills Cafe
588,Grits N Gravy
520,Gulab Sweets And Restaurant
155,Gurukripa Restaurant - Sarwate
149,Gwalia Sweets & Dairy Products
378,Gwalia Sweets & Fast Food
456,Habitat Restaurant
389,Haldiram's Restaurant
487,Haldiram's Sweets and Namkeen
719,Handi Punjab Ki
849,Hanglaatherium
142,Hangout Cakes & More
838,Haona Chao
502,Harilal's
569,Harish Bakery
932,Harishankar Veg Restro
488,Harley's Fine Baking
33,Haveli Dhaba
22,Health Mantra
228,Health Wealth Kitchen
454,Highway Kitchen
329,Hill View Holiday Home And Resort
83,Hindusthan Sweets
861,Hira Sweets
633,Hira Sweets And Confectionary Pvt. Ltd.
468,HNESHEL BURI
466,Hola Pasta - Fresh Gourmet Pasta
39,Home Kitchen
308,Home Plate by EatFit
261,Homely
183,Hong's Kitchen - Hearty! Tasty! Chinese!
535,Hosanna Restaurant
922,Hot Breads
846,Hot Stuff Fast Food
573,Hotel Al Reem
802,Hotel Annalakshmi
240,Hotel Enchanto Imphal
606,Hotel Heiga
504,Hotel Maharaja and Fast Food
891,Hotel Niramish Bhojanalay
120,Hotel Platinum & Restaurant
962,Hotel Polo Towers
726,Hotel Rimi International
32,Hotel Saj International
701,Hotel Shagun
255,Hotel Shubham Celebrations Dhanturi Group of Hotel
749,Hotel Shubham Palace - Dhanturi Group of Hotels
373,Hotel Sitara Grand - Dhanturi Group of hotels
811,Hotel Surabhi udupi veg
211,hotel Toshali
775,Hotspot Grill
143,House of Idlies
967,House of parathas
300,HRX by EatFit
850,Huber & Holly
188,Hungerz
789,Hungry Panda
247,Hungry Point
387,I Deli Cafe
350,I food u
589,Ice & Spice
750,Idleewala
229,Idly & Dosai Delight
197,Idly Dosa for You
751,Idlygo Plus
423,IFC Pizza and Burger
509,Ifthar
940,IGP Cakes
379,Ihm Wala
483,INDIAN COFFEE HOUSE
177,Indiana Restaurant
934,Indrani Sweets And Restaurant
527,Infusion
420,ITC Aashirvaad Soul Creations
552,ITC Master Chef Creations
917,ITC Sunfeast Baked Creations
246,Itminaan Matka Biryani - Slow Cooked
225,Izumi
508,Jagannath Mandir Arna Prasad
105,Jai Krishna Vaishno Dhaba
207,Jain Mithai Bhandar (JMB)
67,Jamie Oliver's Pizzeria
955,Jashan Restaurant
576,Jashn The Restaurant
640,Jay Bhavani Vadapav
641,Jayhind Sweets
219,JBs
414,Jiva Veg
975,Jonas Cafe
944,Jugaad Jn
540,Jumboking Burgers
356,Junior Kuppanna
216,K7 Hotel
803,Kaati Zone Rolls & Wraps
34,Kabab E Biryani
313,Kachori King
215,Kalash Cloud Kitchen
144,Kaleva
831,Kalsang Friends Corner
486,Kamats Legacy
753,Kanji Sweets & Restaurant
856,Kanti Sweets
661,Karigari - By Chef Harpal Singh Sokhi
455,Kashmir Trout
809,Kashyap chole kulche
330,KASTURI DHABA AND RESTAURANT
95,Kathi Junction
224,Kaushal Punjabi Rasoi
159,Kaveri - Lalpur
762,KAVERI's
270,Kc Soup Bar
671,KC'S Kitchen
493,Keventers - Milkshakes & Desserts
223,Keventers Waffles & Ice Cream
130,KFC
708,Khana Khazana
515,Khana Khazana (Shankar Nagar)
792,Khuangthali Restaurant
238,Khullak Cafe
785,Kim Pou Restaurent
156,Kingdom of Momos
718,Kite Restaurant
941,Kolkata Royal Biryani House
533,Kori's
596,Krav
133,Krishna Cafe
377,Krishna Chhole Bhature
855,Krishna Restaurant
592,Krishna Vaishno Dhaba
208,Krishnashree
319,Krishnaz
372,Krispy Kreme - Doughnuts & Coffee
80,KS Bakers
511,Kudil Restaurant
336,Kumar'S Sweet Shop (Jakhan)
214,Kuppuswami
192,Kwality Walls Ice Cream and More
305,La Milano Pizzeria
549,La Pino'z Pizza
862,Labonel Fine Baking
103,Lacima Cafe & Pizzeria
87,Laduram Nanagram Mawawala
696,Lalaji Dilli Wale
668,Lamee
678,Laxmi Food Court
141,Laxmi Pure Veg
316,Lazeez - Rooftop Lounge
874,Le Meridien - Latest Recipe
413,Le Zara
92,LeanCrust Pizza- ThinCrust Experts
342,Lhasa Restaurant
284,Like Momo
409,Lilac Cafe
75,Little Chef
167,Little Persia
858,Lo! - Low Carb and Keto Foods
451,Logo Cafe
786,Long Jhon Silver's
622,Lord Petrick
712,Loyans Bakery & Confectionery
292,LunchBox  Meals and Thalis
193,LunchBox - Meals and Thalis
267,M/S Girija Hotel
687,Maa Ki Rasoi
656,Maa Sagar Sweets And Food Court
459,Maa Saradar Ranna Ghor
812,Machhli Baba Fries
109,Mad For Momos
368,Mad Over Donuts
180,Mad Over Shawarma
739,Madhu's Kitchen
799,Madhurima Veg
968,Madras Cafe
91,Mahalaxmi Sweets
562,Mahalaxmi Sweets & Restaurant
830,Mahawar Baker's & Sweets
628,Majaa Thindi
692,Makhani Darbar
571,Malabar Plaza
245,Mama's Kitchen
791,Mamagoto
382,Manbhawan Sweets
309,Mani's Cafe
404,Mantu Biryani
827,Mast Biryani
703,Matkawala
885,Mayur Hotel & Restaurant
135,McCafe by McDonald's
362,McDonald's
302,McDonald's Gourmet Burger Collection
93,Mealful Rolls - India's Biggest Rolls
570,Mealy - Your Everyday Meal
614,Meat and Eat
667,Meat Zone
57,Mellow
461,Mezang Traditional Restaurant
602,Middle East Cafe
241,Mikado Restaurant
107,Miles - City Mall
79,Millet Express
452,Mini Friends Corner
927,Minus 30
869,Mio Amore
19,Mio Amore - The Cake Shop
145,Mithaas
959,Modern Foods Bakery & Restauran
978,MOJO Pizza - 2X Toppings
317,Mom's Kitchen
899,Momo Cafe
390,Momo Cafe - Courtyard by Marriott
471,Momo Junction
517,Momo Magic Cafe
503,Momo Nation Cafe
957,Momoxpress
649,Monginis Cake Shop
331,Moti Mahal
951,Moti Mahal Delux
165,Mountain's Pizza
338,Mountain's Pizza Club
40,MP Dhaba
332,MP's Kitchen
194,Mr Bhatura
646,Mr Choco Bakery
236,Mr Khan Restro
132,Mr. Bakers
913,Mr. Brown - Danbro
422,Mr. Cake Wala
740,Mr. Pizza
234,Mughal Darbar Since 1999
946,Mughlai Restaurant
841,Mummy's kitchen
411,Munchies
47,Mustard Cafe - Hotel Astoria
617,Myfroyoland - Premium Frozen Yogurt
25,N Chennai Express
603,Nakama Cafe
62,Nandhana Palace
396,Nanta Bakers
347,Naobas Chakhumang Restaurant
952,Nasta Bakery
597,Nathu'S Sweets And Restaurant
15,Natural Ice Cream
274,Navtara Veg Restaurant
879,Nazim Khan Kathi Roll
935,NBC - Nothing Before Coffee
221,NDS Cafe
698,Neelkanth Sweets
172,New Blue Moon
43,New Chanakya
162,New Delhi Sweets
203,New Freeze Land
176,New Khusboo Biryani (Halal)
715,New Little Hut Family Restaurant
870,New Mughlai Restaurant
60,New Parivar Restaurant
594,New Shakti Sweets
106,New Shakti Sweets & Bakery
947,NH1 Bowls - Highway To North
71,NIC Ice Creams
298,Nini's Kitchen
963,Nirmala Hotel & Restaurant
248,Nisarga Family Daba
122,Nom Nom: Asian Bar & Eatery
220,Noodle Kitchen
794,Noor The Biryani House
442,Oberai Bakers & Cafe
512,Octopus Bakes and Bistro
505,Odiani Hotel & Restaurant
965,Old Delhi Grillzz
1,Olio - The Wood Fired Pizzeria
568,Om Sweets & Snacks
407,One Bite
600,One Bite New
395,One Bites Sanjauli
200,ONE PLUS PIZZA HUB
415,Ooopar Resto
38,Oriental Restaurant
734,Otssi ohan
676,Oudh 1590
134,Oven Story Pizza
301,Ovenfresh
77,Ovenfresh Cakes and Desserts
63,"Ovenfresh Pizzas, Cakes & Desserts"
482,Ovenly by Khurana's
335,Oye Hoye Paratha
801,Paakashala
866,Pablo's Kitchen
73,Pal Sweet and Dhaba
510,Palaaram
213,Pandhal Cake Shop
720,Pandit Ji Sweets & Restaurant Dairy
495,Panna Sweets & Restaurant
950,Papputt's Valsa Cafe
441,Paprika - Pramod Laddu Bhandar
908,Paris Panini - Gourmet Sandwiches & Wraps
199,Parivaar Vegetarian
960,Parsa's
472,Pasta Paradise
186,Pastas By Pizza Hut
262,Patna Biryani Club
807,Perambur Sri Annapoorani
310,Perambur Sri Srinivasa Sweets & Snacks
125,Pikwik Since 1991
583,Pind Balluchi
315,PINK CITY FOOD CORNER
499,Pizza Crust
476,Pizza Hut
99,Pizza Italia
722,Pizza Jalapenia (Downtown)
595,Pizza Jalapenia (Uptown)
299,Pizza King
882,Pizza town
933,Pizza Wings
479,PizzaExpress
516,Pizzas Hub
887,Pizzmo
555,Poetry By Love & Cheesecake
239,Poirei Com Cake Shop
355,Polar Bear
900,Pop Seoul
737,Popeyes
759,Porch Grill Restaurant
704,Pour Tous
210,Prasadam Temple Prasad
810,Preeti Tiffins
884,Premjees
634,Prime Bakery & Sweets
724,Priya Biryani
650,Priya Restaurant
923,Priyas - Pure Veg
805,PS4 Veg Restaurant (Perambur Sri Srinivasa)
931,Puneet Misthan Bhandar
303,Punjab Grill
453,Punjab Sind
104,Punjabi Darbaar Dhaba
832,Punjabi Foods (Jakhan)
938,Punjabi Rasoi
114,Punjabi Tikka Restaurant
906,Purple Restaurant & lounge bar
876,PVR Cafe
16,PVR Tiffins
880,Pyramid
833,Pyramid Express
37,Quick Bites
465,Quick Crave
556,Radha Krishna
525,Radhe Bol
128,Radhey Lal Premium Sweets
361,Radhey Lal's Parampara Sweets
323,Rahmaniya Kethel's Chicken
256,Raja Sri Tiffins
27,Rajani's Kitchen
439,Ram Dairy
148,RAM KRISHNA BHOJNALAY
752,Ram Krishna Dalbati
66,Rama Restaurant
767,Ramdev's Khana Khazana
252,Ranga Sai Andhra Tiffins
814,Rangoli Ice Cream
290,Rasoi Restaurant
714,Rasoi Thali
11,Ratna Cafe (Estd.1948)
50,Rattan's Veg & Non Veg
154,RB Rolls And Fast Food
49,Red Chilliz
658,Red Chilly's - Spirits N Spices
68,Red Dragon (Chopstix)
88,Rice Express By Shero
326,Rice N Roti
23,Ritz Mithai Vatika
419,RNR Biryani - Taste of 1953
642,Roastery Coffee House
489,Rokali
418,Roll Corner
152,Roll Xpress
457,Roll's Hut
660,Rollarappaa
883,Rolls Nation
69,Rominus Pizza And Burger
769,ROMNIK PIZZA
265,Roti Ghar
352,Roti Tarka
554,Royal Indraprastha
121,Royal Kitchen
440,Royal The City Club Restaurant
610,Royal Veg. Hotel
405,Rupar Tori Hotel & Restaurant
586,Sachins Dragon Villa
744,Saffron
635,Sagar Ratna
53,Sagar Restaurant
394,Sahib's Punjabi Tadka
663,Sakana
190,Salad Days
131,Saladspoint
577,Salam Namaste Hotel & Restaurant
123,Salem RR Biriyani Unavagam
816,Sambharsa
473,Samosa Junction
406,Samoxa
872,Samridhi At Kochi
333,Sandwich Junction
691,Sandy's Chocolate Laboratory
408,Sangai Continental (Non Halal)
921,Sangeetha Veg Restaurant
806,Sangeetha's Desi Mane - Annanagar
835,Sanjauli Cafe
480,Sanjha Chulha
618,Sante Spa Cuisine
581,Sardarji Da Dhaba
202,Sasuma
269,Satnam Punjabi Vaishno Dhaba
227,Saudagar
560,Saurashtra Chawana & Sweets
705,Scholars
808,Seoul Burgers & Shakes
65,Sethi Tikka Kabab Curry
964,SGS Fast Food
969,Shaan Sweets And Snacks
349,Shabal Restaurant
521,Shahi Dhaba
126,Shakti - The Sandwich Shop
961,Shakti Sweets Since 1966
616,Shanghai Flavours of China Town
852,SHARMA DHABA
902,Shawarma Hut
793,Sher E Punjab
421,Sherawat Juice And Ice Cream Parlour
779,Sherowali Bhoj- Non Veg Hotel & Restaurant
522,Sherowali Restaurant And Cafe
888,Sherowali Restaurant and Fast Foods
892,Sherowali Sweets
889,Sherowali Sweets And Fast Foods
501,Shiv Bhandar
629,Shiv Sagar
10,Shiv Sagar Veg Restaurant
725,Shivansh fast food and restaurant
615,Short Crust: Cakes & More
643,Shree Agarwal Caterers
654,Shree Gangaur
565,Shree Krishna Bhojanalaya
254,Shree Raghavendra
982,Shree Shyam Bakery
89,Shreelal Food Plaza
447,Shri Bhog Rasoi Dhaba
645,Shri Ganpati Misthan Bhandar
498,Shri Ram Dhaba
865,Shri Shyam Bhature Wala
778,Shyamasree Restaurant
500,Siddhu Punjabi Bhojnalaya
96,Simla Chat
365,Sindhi Sweets
772,Singh's Tandoor.
930,Singh's Town Cafe
729,Singju Imphal
481,SK Bakers
894,SKI Heaven Food
348,Slice of Shillong
898,Slurppy Yummy
839,Smoke House - Sangaiprou
553,SMOOR
777,Snack-A-Boo
840,Snacks Point
64,Snehalata Fast Food
572,Snoosh Ice Cream Parlour
17,So Southy
304,Social
496,Sodhani Sweets
204,Sodhani Sweets And Namkeen
463,Somewhere Cafe
397,Sopo
18,South Indian Coffee House
843,Southern Taste
160,Spice Garden
35,Spicy Affair
863,Sprouts Wale
51,Sree Krishna Hotel
747,Sree Vishnu Bhavan
432,Sri Ganga veg restaurant
12,Sri Sindhu Bhavan
926,Sri Tiffins
925,Sri Varalakshmi Pure Veg Tiffins
490,Sri Venkateshwara Tiffin Center
548,Sri Vinayaka Hot Chips
912,Srinidhi Sagar Deluxe
857,SRIVARI BHIMMAS
673,Ss Hyderabad Biryani
70,Starbucks Coffee
613,Stay Fit Kitchen
868,Steam And Sizzle Cafe
111,Steamin Mugs Cafe & Restaurant
958,Stream Restaurant
366,Street 9
682,Street Foods By Punjab Grill
161,Street Za
478,Subway
485,Suchali's Artisan Bakehouse
532,Sumi Ethnic
462,Sunny's Restaurant - Keishampat
949,Supreme Upper Crust
890,Suruchi
185,Swadh Restaurant
403,Swasti Niramish Hotel
157,Swastik Mom's Kitchen
764,Sweet Truth
630,Sweet Truth - Cake and Desserts
288,Swu'S Kitchen
369,Taaka Chinese
557,Taaza - All Day Breakfast
686,Taco Bell
367,Takeout
590,Takeout - Asian Goodness
412,Talk Of The Town (Bt Road)
929,Tan-Sukh By Kanha
42,Tara Bhojanalya
845,Taste Buds
327,Taste Tekker
170,Taste With Me !
980,Tasty Bite
782,Tasty Tastes - Nagmapal
492,Tea Junction
437,Tea Post
817,Tea Time
306,Tealogy Cafe
296,Thalairaj Biryani
474,Thalassery Restaurant
878,Thali House
354,Thali Junction
636,The Airawat Kitchen
364,The Belgian Waffle Co.
825,The Bewakoof Hotel
558,The Biryani Life
716,The Biryani moradabadi
286,The biryani story (HALAL)
127,The Bon Bon Bakers
804,The Boston Cafe & Patisserie
164,The Brew Estate
742,The Bro Momos
436,The Brooklyn Creamery - Healthy Ice Cream
371,The Brownie Studio
910,The Cake Shop
179,The cherith
605,The Chicken Wagon
736,The Chocolate Room
653,The Coconut
438,The Complete Comfort Zone
788,The Core
72,"The Dessert Heaven - Pastry, Brownie and Cakes"
717,The Eleganza
612,The Family Food Truck
848,The Fisherman's Wharf
823,The Food Court
320,The Food Villa
108,The Garage Cafe
469,The Ghee Khichdi Project
198,The Good Bowl
36,The Great Indian Kitchen
231,The Grill Republic
276,The Hayat
699,The Hazelnut Factory
529,The Hungry Beings
307,The Idli Foundry
280,The Master Chef
401,The Meating Point
74,The Oberoi Bakers
358,The Paul Bakery
94,THE PERSIAN TABLE
117,The Phoenix Residency
976,The Pizza Bakery - Wood Fired Sourdough
380,The Pizza Project by Oven Story
867,The Prashadam
659,The Retro Rolls
781,The Spicy Treat
339,The Story House
59,The Sweet Cafe
591,The Temptations - 24/7
896,The Thangapat Restaurant
82,The Yellow Straw
475,Theobroma
798,Theth Masala
13,Third Wave Coffee
609,Tibet Kitchen
233,Tibetan Bowl
281,Tiffin aaw
651,Tiffin Story
312,Tiffinette
460,Tihar Flavours of Jail
757,Tossin Pizza
61,Treat
770,Tree Cafe And Restaurants
285,Trelly
893,Truck Wala Dhaba
169,Try Me
984,Tunday Kababi
713,"UBQ-Meals,Thalis & Bowls"
829,Udupi Cafe Bangalore Idli
98,Udupi Cafe North India
484,Udupi Grand
526,Ujjwala Restaurant
112,UK Pizza Hut
115,Uncle Momos & Kitchen
55,Uncle Ugen's Momo
761,Urban Biryani
662,Urban Nawab
429,Urban Pinds Food Factory
181,Urban Tadka
283,USPFC - US Pizza & Fried Chicken
337,Uss Da Dhaba
758,Uthuppans Uppum Mulakum Restaurant
936,Uttam Sweets Bakery & Restaurant
266,Vaango
375,Vadilal Ice Creams
536,Valley Vista
260,Vanakkam Rajnikantham
434,Varalakshmi Tiffins
942,Veer Ji Malai Chaap Wale
257,Veg Darbar by Behrouz Biryani
8,Veg Meals by Lunchbox
920,Veg Sizzel's
45,Viggis
754,Vijay Dairy
435,VIP Sweets Pvt. Ltd.
201,Vipul Dudhiya Sweets
774,Vishal Vaishno Dhaba
697,Vrindavan ki rasoi
321,Vrindavan Restaurant
674,Wakhra Swaad
163,Walk In Woods
28,"WeFit - Protein Bowls, Salads & Sandwiches"
587,Wendo's Pizza
491,Wendy's Burgers
81,Wendy's Flavour Fresh
625,Why Not Momos
819,Winni Cakes & More
970,Wok N Roll
585,Wood Street Cafe
530,Wooden Plate
710,Wooden Spoon Restaurant
694,Wow! Chicken By Wow! Momo
250,Wow! China
813,Wow! Kulfi
681,Wow! Momo
972,Wrap the cravings
657,Y Not Food Express
818,Yadav Doodh Dairy
279,Yumburgs
242,Yummy Bites
386,Zaatar Arabic Restaurant
756,Zaika Family Fast Food
328,Zam Zam Biryani
58,Zawlbuk
29,ZAZA Mughal Biryani
611,Zero Miles
291,Zongri Bakery & Cafe
